<?xml version="1.0" encoding="UTF-8"?>

<module xmlns="urn:jboss:module:1.3" name="com.microsoft.sqlserver.jdbc">
    <properties>
        <property name="jboss.api" value="unsupported"/>
    </properties>
    <resources>
        <resource-root path="jaxb-api.jar"/>
        <resource-root path="jaxb-impl.jar"/>
        <resource-root path="sqljdbc42.jar"/>
    </resources>
    <dependencies>
        <module name="com.sun.xml.bind"/>
        <module name="javax.api"/>
        <module name="javax.transaction.api"/>
        <module name="javax.servlet.api" optional="true"/>
    </dependencies>
</module>
